Campaign,Description,Type,Amount,Applies to,Code,Usage Count,Applies to count,Used Count,Created at
,,,,,SATJVSQD,1,1,0,"2026-03-18T17:10:10+01:00"
,,,,,XEQYXPRX,1,1,0,"2026-03-18T17:10:11+01:00"
,,,,,HKBWQTPX,1,1,0,"2026-03-18T17:10:09+01:00"
,,,,,FZERMWYK,1,1,0,"2026-03-18T17:10:13+01:00"
,,,,,BASXMTCB,1,1,0,"2026-03-18T17:10:12+01:00"
,,,,,CFQNFJUZ,1,1,0,"2026-03-18T17:10:13+01:00"
,,,,,BUZUMUFF,1,1,0,"2026-03-18T17:10:15+01:00"
,,,,,ACABVQVH,1,1,0,"2026-03-18T17:10:14+01:00"
,,,,,XGQAHDAD,1,1,0,"2026-03-18T17:10:14+01:00"
,,,,,VSNDESJN,1,1,0,"2026-03-18T17:10:08+01:00"
,,,,,CWZWJMJR,1,1,0,"2026-03-18T17:10:08+01:00"
,,,,,FBZQHDDT,1,1,0,"2026-03-18T17:10:09+01:00"
,,,,,DFQXJCEH,1,1,0,"2026-03-18T17:10:11+01:00"
,,,,,BEMVFGGM,1,1,0,"2026-03-18T17:10:12+01:00"
,,,,,TEWVHNEB,1,1,0,"2026-03-18T17:10:13+01:00"
,,,,,QRCNFEJA,1,1,0,"2026-03-18T17:10:16+01:00"
,,,,,BXSTAWFF,1,1,0,"2026-03-18T17:10:10+01:00"
,,,,,TUCXEWXD,1,1,0,"2026-03-18T17:10:10+01:00"
,,,,,EVWJJXZF,1,1,0,"2026-03-18T17:10:15+01:00"
,,,,,JWNJYXKH,1,1,0,"2026-03-18T17:10:11+01:00"
,,,,,TDQPZPRQ,1,1,0,"2026-03-18T17:10:08+01:00"
,,,,,SAXUFHDQ,1,1,0,"2026-03-18T17:10:12+01:00"
,,,,,QAYEDEFF,1,1,0,"2026-03-18T17:10:11+01:00"
,,,,,JXGEUZCC,1,1,0,"2026-03-18T17:10:15+01:00"
,,,,,ZPATGZAC,1,1,0,"2026-03-18T17:10:08+01:00"
,,,,,JNUZTACA,1,1,0,"2026-03-18T17:10:10+01:00"
,,,,,YDKCPCTV,1,1,0,"2026-03-18T17:10:11+01:00"
,,,,,FBHQPPDB,1,1,0,"2026-03-18T17:10:12+01:00"
,,,,,BBKDBYKJ,1,1,0,"2026-03-18T17:10:08+01:00"
,,,,,KDZVVACW,1,1,0,"2026-03-18T17:10:13+01:00"
,,,,,UZJWCEYS,1,1,0,"2026-03-18T17:10:10+01:00"
,,,,,SPXGVRQV,1,1,0,"2026-03-18T17:10:15+01:00"
,,,,,TKYWWTGW,1,1,0,"2026-03-18T17:10:11+01:00"
,,,,,GUVNHEZW,1,1,0,"2026-03-18T17:10:12+01:00"
,,,,,YUCQDAVV,1,1,0,"2026-03-18T17:10:14+01:00"
,,,,,QSBFAHKU,1,1,0,"2026-03-18T17:10:08+01:00"
,,,,,PVNEHARJ,1,1,0,"2026-03-18T17:10:07+01:00"
,,,,,WXBHGZBQ,1,1,0,"2026-03-18T17:10:10+01:00"
,,,,,GPSHEFVA,1,1,0,"2026-03-18T17:10:13+01:00"
,,,,,ANDQWVNT,1,1,0,"2026-03-18T17:10:10+01:00"
,,,,,SAWDRXHN,1,1,0,"2026-03-18T17:10:14+01:00"
,,,,,YVRAEPDT,1,1,0,"2026-03-18T17:10:09+01:00"
,,,,,CFFJVAKK,1,1,0,"2026-03-18T17:10:08+01:00"
,,,,,RSEWJXJN,1,1,0,"2026-03-18T17:10:09+01:00"
,,,,,ZKMSUJUQ,1,1,0,"2026-03-18T17:10:13+01:00"
,,,,,EAZMRJUX,1,1,0,"2026-03-18T17:10:09+01:00"
,,,,,UMEJDJFS,1,1,0,"2026-03-18T17:10:14+01:00"
,,,,,HMEUWVPK,1,1,0,"2026-03-18T17:10:13+01:00"
,,,,,GKFTJWWN,1,1,0,"2026-03-18T17:10:11+01:00"
,,,,,PNJRBJZV,1,1,0,"2026-03-18T17:10:10+01:00"
,,,,,SHDSXJQR,1,1,0,"2026-03-18T17:10:12+01:00"
,,,,,UVHCQCSU,1,1,0,"2026-03-18T17:10:13+01:00"
,,,,,PENMRQDD,1,1,0,"2026-03-18T17:10:08+01:00"
,,,,,ZPSRHKTS,1,1,0,"2026-03-18T17:10:13+01:00"
,,,,,XXEPVURX,1,1,0,"2026-03-18T17:10:10+01:00"
,,,,,XHWETHAM,1,1,0,"2026-03-18T17:10:15+01:00"
,,,,,BTCKFKQZ,1,1,0,"2026-03-18T17:10:11+01:00"
,,,,,RDUNZMVB,1,1,0,"2026-03-18T17:10:15+01:00"
,,,,,UADEFSQT,1,1,0,"2026-03-18T17:10:11+01:00"
,,,,,WHKAFRDC,1,1,0,"2026-03-18T17:10:11+01:00"
,,,,,QFKSTDFZ,1,1,0,"2026-03-18T17:10:12+01:00"
,,,,,NJWQFKKH,1,1,0,"2026-03-18T17:10:10+01:00"
,,,,,EKRKHUQX,1,1,0,"2026-03-18T17:10:08+01:00"
,,,,,BEKRVXND,1,1,0,"2026-03-18T17:10:15+01:00"
,,,,,ETYSDUGD,1,1,0,"2026-03-18T17:10:12+01:00"
,,,,,AYQDBWMU,1,1,0,"2026-03-18T17:10:15+01:00"
,,,,,PREVATUB,1,1,0,"2026-03-18T17:10:12+01:00"
,,,,,SFXDSNGF,1,1,0,"2026-03-18T17:10:11+01:00"
,,,,,SUMXMFZA,1,1,0,"2026-03-18T17:10:12+01:00"
,,,,,UAAGKMZV,1,1,0,"2026-03-18T17:10:14+01:00"
,,,,,UCQVKXZE,1,1,0,"2026-03-18T17:10:13+01:00"
,,,,,MECWBKCU,1,1,0,"2026-03-18T17:10:11+01:00"
,,,,,UNBVXEVC,1,1,0,"2026-03-18T17:10:10+01:00"
,,,,,YUDXDZFV,1,1,0,"2026-03-18T17:10:13+01:00"
,,,,,BETZGBQD,1,1,0,"2026-03-18T17:10:15+01:00"
,,,,,PDDFDDRN,1,1,0,"2026-03-18T17:10:09+01:00"
,,,,,NTKNKEJZ,1,1,0,"2026-03-18T17:10:15+01:00"
,,,,,KGYRDXKT,1,1,0,"2026-03-18T17:10:13+01:00"
,,,,,ASQHDXRA,1,1,0,"2026-03-18T17:10:09+01:00"
,,,,,UHZXBKPU,1,1,0,"2026-03-18T17:10:08+01:00"
,,,,,PTMKSURP,1,1,0,"2026-03-18T17:10:10+01:00"
,,,,,FZPWSYGE,1,1,0,"2026-03-18T17:10:10+01:00"
,,,,,KGUGKXRG,1,1,0,"2026-03-18T17:10:11+01:00"
,,,,,ZBRGTCHA,1,1,0,"2026-03-18T17:10:13+01:00"
,,,,,FDHXCMJH,1,1,0,"2026-03-18T17:10:12+01:00"
,,,,,UHSDHHGH,1,1,0,"2026-03-18T17:10:10+01:00"
,,,,,XNGNRMKS,1,1,0,"2026-03-18T17:10:10+01:00"
,,,,,ANAYDYDS,1,1,0,"2026-03-18T17:10:13+01:00"
,,,,,ZZQVVAMX,1,1,0,"2026-03-18T17:10:13+01:00"
,,,,,XFXWGPGA,1,1,0,"2026-03-18T17:10:10+01:00"
,,,,,ZRTFFPVT,1,1,0,"2026-03-18T17:10:09+01:00"
,,,,,DVZTTXFK,1,1,0,"2026-03-18T17:10:13+01:00"
,,,,,JBGTEUQF,1,1,0,"2026-03-18T17:10:10+01:00"
,,,,,GBWNEUVC,1,1,0,"2026-03-18T17:10:11+01:00"
,,,,,XYERBRWY,1,1,0,"2026-03-18T17:10:14+01:00"
,,,,,FUNPWNZJ,1,1,0,"2026-03-18T17:10:08+01:00"
,,,,,AAZTERVY,1,1,0,"2026-03-18T17:10:11+01:00"
,,,,,JDKYQGJC,1,1,0,"2026-03-18T17:10:09+01:00"
,,,,,PUEMSSWE,1,1,0,"2026-03-18T17:10:09+01:00"
,,,,,PQWEVPWC,1,1,0,"2026-03-18T17:10:13+01:00"
,,,,,TKJEJNAR,1,1,0,"2026-03-18T17:10:15+01:00"
,,,,,SAEKPTRE,1,1,0,"2026-03-18T17:10:09+01:00"
,,,,,UWFXFNMM,1,1,0,"2026-03-18T17:10:08+01:00"
,,,,,QFHAUSTT,1,1,0,"2026-03-18T17:10:10+01:00"
,,,,,QYKKRMUY,1,1,0,"2026-03-18T17:10:10+01:00"
,,,,,PMHVVXZE,1,1,0,"2026-03-18T17:10:09+01:00"
,,,,,KSMBEUVN,1,1,0,"2026-03-18T17:10:11+01:00"
,,,,,QGWNMXEF,1,1,0,"2026-03-18T17:10:08+01:00"
,,,,,XBEMPAPT,1,1,0,"2026-03-18T17:10:10+01:00"
,,,,,FWGEZYVX,1,1,0,"2026-03-18T17:10:12+01:00"
,,,,,NZGKQTHR,1,1,0,"2026-03-18T17:10:12+01:00"
,,,,,DGATAEJQ,1,1,0,"2026-03-18T17:10:09+01:00"
,,,,,RQUDKDFZ,1,1,0,"2026-03-18T17:10:11+01:00"
,,,,,VAEBTSZR,1,1,0,"2026-03-18T17:10:10+01:00"
,,,,,ZNAEEWKX,1,1,0,"2026-03-18T17:10:11+01:00"
,,,,,KXJDGQDW,1,1,0,"2026-03-18T17:10:11+01:00"
,,,,,TKSKMNUM,1,1,0,"2026-03-18T17:10:08+01:00"
,,,,,ASNVZZHF,1,1,0,"2026-03-18T17:10:09+01:00"
,,,,,JSMNGUNW,1,1,0,"2026-03-18T17:10:12+01:00"
,,,,,TTEXJEDP,1,1,0,"2026-03-18T17:10:10+01:00"
,,,,,TEJDENXG,1,1,0,"2026-03-18T17:10:09+01:00"
,,,,,TDKJNYSA,1,1,0,"2026-03-18T17:10:13+01:00"
,,,,,GJDESWYN,1,1,0,"2026-03-18T17:10:12+01:00"
,,,,,KKRZJPQZ,1,1,0,"2026-03-18T17:10:11+01:00"
,,,,,TCEGDNBE,1,1,0,"2026-03-18T17:10:11+01:00"
,,,,,WPWYDKAY,1,1,0,"2026-03-18T17:10:09+01:00"
,,,,,WPMZCBMR,1,1,0,"2026-03-18T17:10:14+01:00"
,,,,,XPRGQCXG,1,1,0,"2026-03-18T17:10:08+01:00"
,,,,,JGRQSYXS,1,1,0,"2026-03-18T17:10:12+01:00"
,,,,,RGXFRGHG,1,1,0,"2026-03-18T17:10:13+01:00"
,,,,,NJSXPKHC,1,1,0,"2026-03-18T17:10:13+01:00"
,,,,,DXHXMHSQ,1,1,0,"2026-03-18T17:10:08+01:00"
,,,,,CWGDWAXF,1,1,0,"2026-03-18T17:10:10+01:00"
,,,,,NZTZJAXV,1,1,0,"2026-03-18T17:10:10+01:00"
,,,,,HZQQEJPX,1,1,0,"2026-03-18T17:10:11+01:00"
,,,,,QYVARRKN,1,1,0,"2026-03-18T17:10:09+01:00"
,,,,,DCGUXAEG,1,1,0,"2026-03-18T17:10:11+01:00"
,,,,,PWMPWYRY,1,1,0,"2026-03-18T17:10:15+01:00"
,,,,,HKSWUKBS,1,1,0,"2026-03-18T17:10:16+01:00"
,,,,,DSFWANVF,1,1,0,"2026-03-18T17:10:10+01:00"
,,,,,DKURHJVT,1,1,0,"2026-03-18T17:10:15+01:00"
,,,,,GFPEWHTX,1,1,0,"2026-03-18T17:10:07+01:00"
,,,,,RHKMKDVK,1,1,0,"2026-03-18T17:10:14+01:00"
,,,,,NKCWDEYA,1,1,0,"2026-03-18T17:10:10+01:00"
,,,,,XGQSZXXT,1,1,0,"2026-03-18T17:10:11+01:00"
,,,,,UKXHTQMN,1,1,0,"2026-03-18T17:10:10+01:00"
,,,,,WBHXKDBJ,1,1,0,"2026-03-18T17:10:13+01:00"
,,,,,YYNAKHGP,1,1,0,"2026-03-18T17:10:07+01:00"
,,,,,AXNJEYHG,1,1,0,"2026-03-18T17:10:14+01:00"
,,,,,KVMCKGVM,1,1,0,"2026-03-18T17:10:09+01:00"
,,,,,ZPHTHUKZ,1,1,0,"2026-03-18T17:10:12+01:00"
,,,,,MXXQNFEG,1,1,0,"2026-03-18T17:10:14+01:00"
,,,,,NFAESNUT,1,1,0,"2026-03-18T17:10:14+01:00"
,,,,,TPNWVBTA,1,1,0,"2026-03-18T17:10:07+01:00"
,,,,,ZNATWBBK,1,1,0,"2026-03-18T17:10:07+01:00"
,,,,,NFEPCZTQ,1,1,0,"2026-03-18T17:10:12+01:00"
,,,,,WFNWPJAG,1,1,0,"2026-03-18T17:10:15+01:00"
,,,,,UKJUTRJP,1,1,0,"2026-03-18T17:10:11+01:00"
,,,,,YZYYJUCF,1,1,0,"2026-03-18T17:10:08+01:00"
,,,,,ZZXMBZCD,1,1,0,"2026-03-18T17:10:13+01:00"
,,,,,CFDTJDPC,1,1,0,"2026-03-18T17:10:08+01:00"
,,,,,RJRFPEGQ,1,1,0,"2026-03-18T17:10:15+01:00"
,,,,,TGTPCERJ,1,1,0,"2026-03-18T17:10:11+01:00"
,,,,,HVZNQRWZ,1,1,0,"2026-03-18T17:10:14+01:00"
,,,,,MPDZPXXP,1,1,0,"2026-03-18T17:10:15+01:00"
,,,,,GWFRTUVB,1,1,0,"2026-03-18T17:10:14+01:00"
,,,,,SVNGQHVQ,1,1,0,"2026-03-18T17:10:10+01:00"
,,,,,SRUSKZDD,1,1,0,"2026-03-18T17:10:14+01:00"
,,,,,SBPDUCTS,1,1,0,"2026-03-18T17:10:08+01:00"
,,,,,CBSYXYYC,1,1,0,"2026-03-18T17:10:09+01:00"
,,,,,HGMFKKNH,1,1,0,"2026-03-18T17:10:11+01:00"
,,,,,CGUJRJDJ,1,1,0,"2026-03-18T17:10:13+01:00"
,,,,,QETZAWTD,1,1,0,"2026-03-18T17:10:11+01:00"
,,,,,VCUSAMXB,1,1,0,"2026-03-18T17:10:14+01:00"
,,,,,TYKDFESV,1,1,0,"2026-03-18T17:10:09+01:00"
,,,,,XTCFZTNX,1,1,0,"2026-03-18T17:10:13+01:00"
,,,,,QVBUQMHX,1,1,0,"2026-03-18T17:10:13+01:00"
,,,,,DNQQJTXN,1,1,0,"2026-03-18T17:10:11+01:00"
,,,,,HKEVFAJB,1,1,0,"2026-03-18T17:10:12+01:00"
,,,,,BTCQHNRQ,1,1,0,"2026-03-18T17:10:10+01:00"
,,,,,KZJWYHVB,1,1,0,"2026-03-18T17:10:14+01:00"
,,,,,GYKMUNRQ,1,1,0,"2026-03-18T17:10:09+01:00"
,,,,,UUBTNDRV,1,1,0,"2026-03-18T17:10:11+01:00"
,,,,,EBMUVURE,1,1,0,"2026-03-18T17:10:14+01:00"
,,,,,ASXFFZJC,1,1,0,"2026-03-18T17:10:13+01:00"
,,,,,YBZHUQTX,1,1,0,"2026-03-18T17:10:15+01:00"
,,,,,RKMJFMQK,1,1,0,"2026-03-18T17:10:13+01:00"
,,,,,FCTFRAPC,1,1,0,"2026-03-18T17:10:14+01:00"
,,,,,EVZWUDBY,1,1,0,"2026-03-18T17:10:13+01:00"
,,,,,DBBWGVZH,1,1,0,"2026-03-18T17:10:16+01:00"
,,,,,GSCSXVPG,1,1,0,"2026-03-18T17:10:10+01:00"
,,,,,CMNMKPYV,1,1,0,"2026-03-18T17:10:13+01:00"
,,,,,FEQPZRVJ,1,1,0,"2026-03-18T17:10:14+01:00"
,,,,,VJXNMSFP,1,1,0,"2026-03-18T17:10:08+01:00"
,,,,,CMWQRKCY,1,1,0,"2026-03-18T17:10:13+01:00"
,,,,,MTCQVERY,1,1,0,"2026-03-18T17:10:12+01:00"
,,,,,URENUSXW,1,1,0,"2026-03-18T17:10:11+01:00"
,,,,,KUUTJPXQ,1,1,0,"2026-03-18T17:10:13+01:00"
,,,,,VAXXXEHH,1,1,0,"2026-03-18T17:10:10+01:00"
,,,,,VXCCWNRN,1,1,0,"2026-03-18T17:10:08+01:00"
,,,,,JNHTWKYA,1,1,0,"2026-03-18T17:10:07+01:00"
,,,,,DNJAFJNC,1,1,0,"2026-03-18T17:10:13+01:00"
,,,,,SQJUZRWJ,1,1,0,"2026-03-18T17:10:11+01:00"
,,,,,VYBZSBTX,1,1,0,"2026-03-18T17:10:12+01:00"
,,,,,WRCEYBAU,1,1,0,"2026-03-18T17:10:15+01:00"
,,,,,CAYHGFYC,1,1,0,"2026-03-18T17:10:12+01:00"
,,,,,QTYUBTQD,1,1,0,"2026-03-18T17:10:10+01:00"
,,,,,ARCRCEGS,1,1,0,"2026-03-18T17:10:09+01:00"
,,,,,DBYKSWGR,1,1,0,"2026-03-18T17:10:13+01:00"
,,,,,YQSRUEQH,1,1,0,"2026-03-18T17:10:09+01:00"
,,,,,CFJFHVWH,1,1,0,"2026-03-18T17:10:14+01:00"
,,,,,TPKZGFYZ,1,1,0,"2026-03-18T17:10:15+01:00"
,,,,,QJVBYCTF,1,1,0,"2026-03-18T17:10:12+01:00"
,,,,,KHSQHYHX,1,1,0,"2026-03-18T17:10:11+01:00"
,,,,,SYDNVBRD,1,1,0,"2026-03-18T17:10:09+01:00"
,,,,,CSCQXVDS,1,1,0,"2026-03-18T17:10:12+01:00"
,,,,,UWSZRTAG,1,1,0,"2026-03-18T17:10:09+01:00"
,,,,,UPQUDKHA,1,1,0,"2026-03-18T17:10:12+01:00"
,,,,,ACMZXCYC,1,1,0,"2026-03-18T17:10:15+01:00"
,,,,,MYQFVEGX,1,1,0,"2026-03-18T17:10:15+01:00"
,,,,,SRFPBHBX,1,1,0,"2026-03-18T17:10:16+01:00"
,,,,,ZVKGUMFK,1,1,0,"2026-03-18T17:10:14+01:00"
,,,,,AVBEMEMN,1,1,0,"2026-03-18T17:10:09+01:00"
,,,,,MCZFTUEH,1,1,0,"2026-03-18T17:10:10+01:00"
,,,,,KZSGBCQD,1,1,0,"2026-03-18T17:10:11+01:00"
,,,,,JZPHACTG,1,1,0,"2026-03-18T17:10:08+01:00"
,,,,,QXRRWEXN,1,1,0,"2026-03-18T17:10:15+01:00"
,,,,,NFDYBSJX,1,1,0,"2026-03-18T17:10:12+01:00"
,,,,,FDMSUUQP,1,1,0,"2026-03-18T17:10:13+01:00"
,,,,,FEUZYKMP,1,1,0,"2026-03-18T17:10:13+01:00"
,,,,,TQCQRWTC,1,1,0,"2026-03-18T17:10:09+01:00"
,,,,,TJCQPZNM,1,1,0,"2026-03-18T17:10:07+01:00"
,,,,,USWRVDXS,1,1,0,"2026-03-18T17:10:08+01:00"
,,,,,DDQQDNKM,1,1,0,"2026-03-18T17:10:16+01:00"
,,,,,CUCPWUZN,1,1,0,"2026-03-18T17:10:14+01:00"
,,,,,CBYMBCBB,1,1,0,"2026-03-18T17:10:10+01:00"
,,,,,YQGTPMQM,1,1,0,"2026-03-18T17:10:13+01:00"
,,,,,ZXFPSRAT,1,1,0,"2026-03-18T17:10:08+01:00"
,,,,,VJKBFWUF,1,1,0,"2026-03-18T17:10:12+01:00"
,,,,,KTQEVAZZ,1,1,0,"2026-03-18T17:10:10+01:00"
,,,,,BAPRQZDR,1,1,0,"2026-03-18T17:10:15+01:00"
,,,,,KBXDDPGN,1,1,0,"2026-03-18T17:10:12+01:00"
,,,,,FXTQTHMM,1,1,0,"2026-03-18T17:10:10+01:00"
,,,,,QUNUTZYP,1,1,0,"2026-03-18T17:10:07+01:00"
,,,,,ZHCWZHPT,1,1,0,"2026-03-18T17:10:14+01:00"
,,,,,FFNGTKBJ,1,1,0,"2026-03-18T17:10:09+01:00"
,,,,,FZDXNGRR,1,1,0,"2026-03-18T17:10:15+01:00"
,,,,,HDQQDDUJ,1,1,0,"2026-03-18T17:10:13+01:00"
,,,,,YGBBVCXZ,1,1,0,"2026-03-18T17:10:14+01:00"
,,,,,JWXDMNQG,1,1,0,"2026-03-18T17:10:14+01:00"
,,,,,CPURTVHG,1,1,0,"2026-03-18T17:10:08+01:00"
,,,,,NGDAYZEE,1,1,0,"2026-03-18T17:10:10+01:00"
,,,,,TWSYMBDT,1,1,0,"2026-03-18T17:10:11+01:00"
,,,,,JWEAXGMK,1,1,0,"2026-03-18T17:10:11+01:00"
,,,,,GDWSWDUH,1,1,0,"2026-03-18T17:10:11+01:00"
,,,,,BHWESBSZ,1,1,0,"2026-03-18T17:10:15+01:00"
,,,,,RBNXNAVY,1,1,0,"2026-03-18T17:10:13+01:00"
,,,,,ZBQHVGDM,1,1,0,"2026-03-18T17:10:10+01:00"
,,,,,VEJGXZGZ,1,1,0,"2026-03-18T17:10:11+01:00"
,,,,,VPDAWREJ,1,1,0,"2026-03-18T17:10:14+01:00"
,,,,,JBAWXXGW,1,1,0,"2026-03-18T17:10:12+01:00"
,,,,,PJTHYPXW,1,1,0,"2026-03-18T17:10:14+01:00"
,,,,,FJMZEQVA,1,1,0,"2026-03-18T17:10:13+01:00"
,,,,,DVXTDYTY,1,1,0,"2026-03-18T17:10:15+01:00"
,,,,,GECNSECW,1,1,0,"2026-03-18T17:10:13+01:00"
,,,,,KBRKXHAK,1,1,0,"2026-03-18T17:10:08+01:00"
,,,,,GVDGNDDS,1,1,0,"2026-03-18T17:10:12+01:00"
,,,,,JQAHYDVQ,1,1,0,"2026-03-18T17:10:12+01:00"
,,,,,TYMEKAQP,1,1,0,"2026-03-18T17:10:15+01:00"
,,,,,VNTUAXSB,1,1,0,"2026-03-18T17:10:15+01:00"
,,,,,QZDPHDTU,1,1,0,"2026-03-18T17:10:15+01:00"
,,,,,DZJGJVJK,1,1,0,"2026-03-18T17:10:09+01:00"
,,,,,FEMJQSHU,1,1,0,"2026-03-18T17:10:09+01:00"
,,,,,JWHEHCCU,1,1,0,"2026-03-18T17:10:13+01:00"
,,,,,GRDUPABV,1,1,0,"2026-03-18T17:10:14+01:00"
,,,,,JEEFYYHM,1,1,0,"2026-03-18T17:10:12+01:00"
,,,,,MGRFKZNA,1,1,0,"2026-03-18T17:10:08+01:00"
,,,,,GAPHHVVU,1,1,0,"2026-03-18T17:10:09+01:00"
,,,,,YNCTCNKB,1,1,0,"2026-03-18T17:10:09+01:00"
,,,,,UJURKNNF,1,1,0,"2026-03-18T17:10:08+01:00"
,,,,,PUQYQEUY,1,1,0,"2026-03-18T17:10:09+01:00"
,,,,,JUTQNAFB,1,1,0,"2026-03-18T17:10:07+01:00"
,,,,,WWGHRSVE,1,1,0,"2026-03-18T17:10:09+01:00"
,,,,,ERCDFMZC,1,1,0,"2026-03-18T17:10:14+01:00"
,,,,,JYXKWMSJ,1,1,0,"2026-03-18T17:10:10+01:00"
,,,,,JRPQTQGY,1,1,0,"2026-03-18T17:10:15+01:00"
,,,,,ZMTWUQDG,1,1,0,"2026-03-18T17:10:11+01:00"
,,,,,ZNUPTBNK,1,1,0,"2026-03-18T17:10:13+01:00"
,,,,,QACURHSP,1,1,0,"2026-03-18T17:10:11+01:00"
,,,,,MRPUKKQD,1,1,0,"2026-03-18T17:10:14+01:00"
,,,,,UNUDWNDM,1,1,0,"2026-03-18T17:10:14+01:00"
,,,,,RNRWUSRW,1,1,0,"2026-03-18T17:10:12+01:00"
,,,,,XCCDUABB,1,1,0,"2026-03-18T17:10:14+01:00"
,,,,,MAFYQEYC,1,1,0,"2026-03-18T17:10:09+01:00"
,,,,,JKNVQKUN,1,1,0,"2026-03-18T17:10:11+01:00"
,,,,,JCBTUEMV,1,1,0,"2026-03-18T17:10:14+01:00"
,,,,,NKNQNEDR,1,1,0,"2026-03-18T17:10:14+01:00"
,,,,,FXDERNEW,1,1,0,"2026-03-18T17:10:10+01:00"
,,,,,VDDFSCJR,1,1,0,"2026-03-18T17:10:09+01:00"
,,,,,WBSPHWRC,1,1,0,"2026-03-18T17:10:08+01:00"
,,,,,VAXAZQHY,1,1,0,"2026-03-18T17:10:14+01:00"
,,,,,EJDNXWMX,1,1,0,"2026-03-18T17:10:08+01:00"
,,,,,RGPRSZKA,1,1,0,"2026-03-18T17:10:08+01:00"
,,,,,KJAPYDWB,1,1,0,"2026-03-18T17:10:15+01:00"
,,,,,NNGJUXUU,1,1,0,"2026-03-18T17:10:13+01:00"
,,,,,PKSJCKDF,1,1,0,"2026-03-18T17:10:08+01:00"
,,,,,WCEXTCKX,1,1,0,"2026-03-18T17:10:10+01:00"
,,,,,JWCEKBVX,1,1,0,"2026-03-18T17:10:10+01:00"
,,,,,MQPUFWGN,1,1,0,"2026-03-18T17:10:15+01:00"
,,,,,TRNPHWUR,1,1,0,"2026-03-18T17:10:08+01:00"
,,,,,SVJSRPPV,1,1,0,"2026-03-18T17:10:08+01:00"
,,,,,KKERGJDD,1,1,0,"2026-03-18T17:10:08+01:00"
,,,,,EGPFVKHY,1,1,0,"2026-03-18T17:10:14+01:00"
,,,,,DEYTJCEQ,1,1,0,"2026-03-18T17:10:08+01:00"
,,,,,ENFTSHWK,1,1,0,"2026-03-18T17:10:15+01:00"
,,,,,PRVEZFPY,1,1,0,"2026-03-18T17:10:10+01:00"
,,,,,QXNCJCGX,1,1,0,"2026-03-18T17:10:14+01:00"
,,,,,NTUECVJZ,1,1,0,"2026-03-18T17:10:08+01:00"
,,,,,RVTXUGSS,1,1,0,"2026-03-18T17:10:15+01:00"
,,,,,UMWFBEVN,1,1,0,"2026-03-18T17:10:15+01:00"
,,,,,WMJPCVRE,1,1,0,"2026-03-18T17:10:14+01:00"
,,,,,QJYDAYEM,1,1,0,"2026-03-18T17:10:15+01:00"
,,,,,TNYVGGFM,1,1,0,"2026-03-18T17:10:07+01:00"
,,,,,EKETVFCF,1,1,0,"2026-03-18T17:10:10+01:00"
,,,,,TBCFXRAK,1,1,0,"2026-03-18T17:10:13+01:00"
,,,,,YMKBQNNF,1,1,0,"2026-03-18T17:10:09+01:00"
,,,,,HMUVVZAG,1,1,0,"2026-03-18T17:10:11+01:00"
,,,,,ZQUJTVNK,1,1,0,"2026-03-18T17:10:14+01:00"
,,,,,FSEDRPKD,1,1,0,"2026-03-18T17:10:11+01:00"
,,,,,MXAQMQDA,1,1,0,"2026-03-18T17:10:13+01:00"
,,,,,UAGPYWVY,1,1,0,"2026-03-18T17:10:11+01:00"
,,,,,ZHWKWRFR,1,1,0,"2026-03-18T17:10:13+01:00"
,,,,,FUJGTWUB,1,1,0,"2026-03-18T17:10:12+01:00"
,,,,,JDKDBYVV,1,1,0,"2026-03-18T17:10:14+01:00"
,,,,,MSDEUYQP,1,1,0,"2026-03-18T17:10:14+01:00"
,,,,,SPBPQQVE,1,1,0,"2026-03-18T17:10:11+01:00"
,,,,,VUUFDUNG,1,1,0,"2026-03-18T17:10:07+01:00"
,,,,,FQGDFGUH,1,1,0,"2026-03-18T17:10:10+01:00"
,,,,,AYDBPVRY,1,1,0,"2026-03-18T17:10:14+01:00"
,,,,,FTVRVGKF,1,1,0,"2026-03-18T17:10:11+01:00"
,,,,,TKFGTQWS,1,1,0,"2026-03-18T17:10:13+01:00"
,,,,,VVUXNYWF,1,1,0,"2026-03-18T17:10:15+01:00"
,,,,,NJPPPDBU,1,1,0,"2026-03-18T17:10:12+01:00"
,,,,,HWZSYKVP,1,1,0,"2026-03-18T17:10:10+01:00"
,,,,,CGVYNQMY,1,1,0,"2026-03-18T17:10:13+01:00"
,,,,,SAUDJUJG,1,1,0,"2026-03-18T17:10:12+01:00"
,,,,,WRNGCRXF,1,1,0,"2026-03-18T17:10:08+01:00"
,,,,,YXVAVDQX,1,1,0,"2026-03-18T17:10:14+01:00"
,,,,,HSMGWBAT,1,1,0,"2026-03-18T17:10:14+01:00"
,,,,,XSFDEQUZ,1,1,0,"2026-03-18T17:10:15+01:00"
,,,,,RJNCRWAB,1,1,0,"2026-03-18T17:10:12+01:00"
,,,,,YPMJUHWR,1,1,0,"2026-03-18T17:10:11+01:00"
,,,,,PWNVDTEU,1,1,0,"2026-03-18T17:10:10+01:00"
,,,,,NPQEYZPB,1,1,0,"2026-03-18T17:10:08+01:00"
,,,,,XKBUKUYS,1,1,0,"2026-03-18T17:10:14+01:00"
,,,,,ZSPZWKEZ,1,1,0,"2026-03-18T17:10:15+01:00"
,,,,,JCCDJDSY,1,1,0,"2026-03-18T17:10:11+01:00"
,,,,,WYYHPDUG,1,1,0,"2026-03-18T17:10:07+01:00"
,,,,,BEZURVTF,1,1,0,"2026-03-18T17:10:12+01:00"
,,,,,YWSXWUNA,1,1,0,"2026-03-18T17:10:12+01:00"
,,,,,JEWMEXSH,1,1,0,"2026-03-18T17:10:12+01:00"
,,,,,PYVGKUNS,1,1,0,"2026-03-18T17:10:12+01:00"
,,,,,EHTMGNQE,1,1,0,"2026-03-18T17:10:14+01:00"
,,,,,JSRDYRRG,1,1,0,"2026-03-18T17:10:08+01:00"
,,,,,VRZXBRBT,1,1,0,"2026-03-18T17:10:10+01:00"
,,,,,ECFFCUYT,1,1,0,"2026-03-18T17:10:10+01:00"
,,,,,SHKWFEYM,1,1,0,"2026-03-18T17:10:13+01:00"
,,,,,HKGHHUKK,1,1,0,"2026-03-18T17:10:15+01:00"
,,,,,RFYMZPVS,1,1,0,"2026-03-18T17:10:12+01:00"
,,,,,TASAMHXD,1,1,0,"2026-03-18T17:10:09+01:00"
,,,,,ZFBFDSPV,1,1,0,"2026-03-18T17:10:10+01:00"
,,,,,TZFBBMVS,1,1,0,"2026-03-18T17:10:12+01:00"
,,,,,ZCARJQRG,1,1,0,"2026-03-18T17:10:09+01:00"
,,,,,PCDXJKXP,1,1,0,"2026-03-18T17:10:12+01:00"
,,,,,VSXWXZZN,1,1,0,"2026-03-18T17:10:13+01:00"
,,,,,MTJFCJBK,1,1,0,"2026-03-18T17:10:14+01:00"
,,,,,AUMDZDRS,1,1,0,"2026-03-18T17:10:09+01:00"
,,,,,XNBANZQW,1,1,0,"2026-03-18T17:10:15+01:00"
,,,,,QDWEENMX,1,1,0,"2026-03-18T17:10:11+01:00"
,,,,,SPUFZZNS,1,1,0,"2026-03-18T17:10:09+01:00"
,,,,,JARBYXJQ,1,1,0,"2026-03-18T17:10:13+01:00"
,,,,,TUHTCENX,1,1,0,"2026-03-18T17:10:15+01:00"
,,,,,VHFYQFRC,1,1,0,"2026-03-18T17:10:13+01:00"
,,,,,VCNTRRJQ,1,1,0,"2026-03-18T17:10:15+01:00"
,,,,,XNZFXWED,1,1,0,"2026-03-18T17:10:08+01:00"
,,,,,YPUJKJTB,1,1,0,"2026-03-18T17:10:12+01:00"
,,,,,RGRVWEHP,1,1,0,"2026-03-18T17:10:11+01:00"
,,,,,VCQBEGTH,1,1,0,"2026-03-18T17:10:12+01:00"
,,,,,MJWNDFHF,1,1,0,"2026-03-18T17:10:13+01:00"
,,,,,PSXVTSYE,1,1,0,"2026-03-18T17:10:11+01:00"
,,,,,HGSZASFY,1,1,0,"2026-03-18T17:10:07+01:00"
,,,,,JPFHYATC,1,1,0,"2026-03-18T17:10:15+01:00"
,,,,,KRFASYNQ,1,1,0,"2026-03-18T17:10:15+01:00"
,,,,,CDWAGANV,1,1,0,"2026-03-18T17:10:11+01:00"
,,,,,BPJCBEQG,1,1,0,"2026-03-18T17:10:13+01:00"
,,,,,JVCGRDYS,1,1,0,"2026-03-18T17:10:13+01:00"
,,,,,WBQREYZD,1,1,0,"2026-03-18T17:10:15+01:00"
,,,,,VSDNPDKX,1,1,0,"2026-03-18T17:10:09+01:00"
,,,,,VBFZCVGK,1,1,0,"2026-03-18T17:10:11+01:00"
,,,,,KKHGSNKB,1,1,0,"2026-03-18T17:10:15+01:00"
,,,,,EDGFFAWJ,1,1,0,"2026-03-18T17:10:13+01:00"
,,,,,GEWTDSEW,1,1,0,"2026-03-18T17:10:12+01:00"
,,,,,PJPPMYQP,1,1,0,"2026-03-18T17:10:09+01:00"
,,,,,NYWFSFDZ,1,1,0,"2026-03-18T17:10:14+01:00"
,,,,,XWWTQPTX,1,1,0,"2026-03-18T17:10:15+01:00"
,,,,,CSUVZRSN,1,1,0,"2026-03-18T17:10:11+01:00"
,,,,,VFZGVTYA,1,1,0,"2026-03-18T17:10:15+01:00"
,,,,,MJNJUUUX,1,1,0,"2026-03-18T17:10:08+01:00"
,,,,,ZQPQTVRV,1,1,0,"2026-03-18T17:10:13+01:00"
,,,,,NRQJGCRE,1,1,0,"2026-03-18T17:10:12+01:00"
,,,,,GQVHXXSA,1,1,0,"2026-03-18T17:10:11+01:00"
,,,,,BNGKYKEF,1,1,0,"2026-03-18T17:10:13+01:00"
,,,,,XFMGJZWU,1,1,0,"2026-03-18T17:10:15+01:00"
,,,,,BBFUJMFH,1,1,0,"2026-03-18T17:10:13+01:00"
,,,,,BZKMESVM,1,1,0,"2026-03-18T17:10:14+01:00"
,,,,,SJVRUTQY,1,1,0,"2026-03-18T17:10:07+01:00"
,,,,,QKVWJRMY,1,1,0,"2026-03-18T17:10:08+01:00"
,,,,,UUSHUGWC,1,1,0,"2026-03-18T17:10:12+01:00"
,,,,,WGQNAURC,1,1,0,"2026-03-18T17:10:12+01:00"
,,,,,SRPJGTKT,1,1,0,"2026-03-18T17:10:10+01:00"
,,,,,XYVDQVWY,1,1,0,"2026-03-18T17:10:13+01:00"
,,,,,PTCYMFQM,1,1,0,"2026-03-18T17:10:14+01:00"
,,,,,WPZDCGCZ,1,1,0,"2026-03-18T17:10:10+01:00"
,,,,,HPDRRABJ,1,1,0,"2026-03-18T17:10:14+01:00"
,,,,,ZFFYUFXH,1,1,0,"2026-03-18T17:10:08+01:00"
,,,,,RECYMZGJ,1,1,0,"2026-03-18T17:10:09+01:00"
,,,,,AMAMZZJQ,1,1,0,"2026-03-18T17:10:13+01:00"
,,,,,WNDCHRJN,1,1,0,"2026-03-18T17:10:14+01:00"
,,,,,MKPDRQVP,1,1,0,"2026-03-18T17:10:15+01:00"
,,,,,DKKGFWEU,1,1,0,"2026-03-18T17:10:09+01:00"
,,,,,URCQEPYB,1,1,0,"2026-03-18T17:10:08+01:00"
,,,,,JPFJPRQM,1,1,0,"2026-03-18T17:10:12+01:00"
,,,,,YYMUTNCS,1,1,0,"2026-03-18T17:10:07+01:00"
,,,,,TCQKUMMA,1,1,0,"2026-03-18T17:10:11+01:00"
,,,,,EMXVDPSK,1,1,0,"2026-03-18T17:10:13+01:00"
,,,,,STNRUHNV,1,1,0,"2026-03-18T17:10:09+01:00"
,,,,,FFGJHNCS,1,1,0,"2026-03-18T17:10:14+01:00"
,,,,,BVQJQVAV,1,1,0,"2026-03-18T17:10:15+01:00"
,,,,,UWTXKFWD,1,1,0,"2026-03-18T17:10:12+01:00"
,,,,,MQWBYFVY,1,1,0,"2026-03-18T17:10:11+01:00"
,,,,,VRXGURDH,1,1,0,"2026-03-18T17:10:09+01:00"
,,,,,YGJDACME,1,1,0,"2026-03-18T17:10:14+01:00"
,,,,,ZNNHWKSZ,1,1,0,"2026-03-18T17:10:11+01:00"
,,,,,YFEUTCTQ,1,1,0,"2026-03-18T17:10:08+01:00"
,,,,,ZNWNXXZC,1,1,0,"2026-03-18T17:10:15+01:00"
,,,,,DKJHYNAF,1,1,0,"2026-03-18T17:10:13+01:00"
,,,,,KUCTGNKR,1,1,0,"2026-03-18T17:10:09+01:00"
,,,,,SPEZQRTU,1,1,0,"2026-03-18T17:10:09+01:00"
,,,,,AJGAJHJX,1,1,0,"2026-03-18T17:10:10+01:00"
,,,,,YBJYANXR,1,1,0,"2026-03-18T17:10:08+01:00"
,,,,,FBRXRWFE,1,1,0,"2026-03-18T17:10:15+01:00"
,,,,,NQZTDQTW,1,1,0,"2026-03-18T17:10:13+01:00"
,,,,,NZFGCNJC,1,1,0,"2026-03-18T17:10:10+01:00"
,,,,,VVDMWDDZ,1,1,0,"2026-03-18T17:10:10+01:00"
,,,,,MYNWYEFE,1,1,0,"2026-03-18T17:10:14+01:00"
,,,,,QXXNGQAY,1,1,0,"2026-03-18T17:10:10+01:00"
,,,,,APAMUXAZ,1,1,0,"2026-03-18T17:10:11+01:00"
,,,,,VQSSQMUV,1,1,0,"2026-03-18T17:10:10+01:00"
,,,,,SKFEWPZZ,1,1,0,"2026-03-18T17:10:15+01:00"
,,,,,UPRNSXAZ,1,1,0,"2026-03-18T17:10:15+01:00"
,,,,,JDHTYRQW,1,1,0,"2026-03-18T17:10:09+01:00"
,,,,,SCWXQCCT,1,1,0,"2026-03-18T17:10:12+01:00"
,,,,,MGMTXXYN,1,1,0,"2026-03-18T17:10:15+01:00"
,,,,,KUASMRHS,1,1,0,"2026-03-18T17:10:08+01:00"
,,,,,UGQKGDMA,1,1,0,"2026-03-18T17:10:08+01:00"
,,,,,BCYVFRGA,1,1,0,"2026-03-18T17:10:11+01:00"
,,,,,CHGYEKKU,1,1,0,"2026-03-18T17:10:15+01:00"
,,,,,DFNMQTJB,1,1,0,"2026-03-18T17:10:13+01:00"
,,,,,XYCHHPEF,1,1,0,"2026-03-18T17:10:15+01:00"
,,,,,DEDTPXGZ,1,1,0,"2026-03-18T17:10:10+01:00"
,,,,,FXMKQFFR,1,1,0,"2026-03-18T17:10:12+01:00"
,,,,,ATJVHABG,1,1,0,"2026-03-18T17:10:12+01:00"
,,,,,NYDXVYMT,1,1,0,"2026-03-18T17:10:15+01:00"
,,,,,WZBNVTCQ,1,1,0,"2026-03-18T17:10:09+01:00"
,,,,,XHHXNJTA,1,1,0,"2026-03-18T17:10:09+01:00"
,,,,,JDJHPKQT,1,1,0,"2026-03-18T17:10:12+01:00"
,,,,,BDYGKUFB,1,1,0,"2026-03-18T17:10:13+01:00"
,,,,,BDAUTMER,1,1,0,"2026-03-18T17:10:09+01:00"
,,,,,EVCNGPUZ,1,1,0,"2026-03-18T17:10:08+01:00"
,,,,,MBYQQWVJ,1,1,0,"2026-03-18T17:10:12+01:00"
,,,,,MPGRPFXE,1,1,0,"2026-03-18T17:10:12+01:00"
,,,,,GUJXZBAR,1,1,0,"2026-03-18T17:10:11+01:00"
,,,,,UHBXJNJP,1,1,0,"2026-03-18T17:10:12+01:00"
,,,,,SUHWYEJH,1,1,0,"2026-03-18T17:10:15+01:00"
,,,,,YQWKCRWN,1,1,0,"2026-03-18T17:10:08+01:00"
,,,,,DQJUCTXQ,1,1,0,"2026-03-18T17:10:13+01:00"
,,,,,DXANYDKH,1,1,0,"2026-03-18T17:10:16+01:00"
,,,,,QXMZPGPN,1,1,0,"2026-03-18T17:10:15+01:00"
,,,,,GZVGEVZR,1,1,0,"2026-03-18T17:10:13+01:00"
,,,,,SAHGQNWP,1,1,0,"2026-03-18T17:10:09+01:00"
,,,,,STGCEJMZ,1,1,0,"2026-03-18T17:10:08+01:00"
,,,,,QFYMFDSJ,1,1,0,"2026-03-18T17:10:09+01:00"
,,,,,GEBCDFEZ,1,1,0,"2026-03-18T17:10:14+01:00"
,,,,,AXRDJGBR,1,1,0,"2026-03-18T17:10:14+01:00"
,,,,,UQDZZXGJ,1,1,0,"2026-03-18T17:10:12+01:00"
,,,,,GZXKFAUG,1,1,0,"2026-03-18T17:10:10+01:00"
,,,,,AEJTGGYS,1,1,0,"2026-03-18T17:10:11+01:00"
,,,,,CRJJBDYS,1,1,0,"2026-03-18T17:10:12+01:00"
,,,,,KZJDRBGM,1,1,0,"2026-03-18T17:10:12+01:00"
,,,,,BRNQUFWS,1,1,0,"2026-03-18T17:10:10+01:00"